<?xml version="1.0" encoding="UTF-8"?>
<project-private xmlns="http://www.netbeans.org/ns/project-private/1">
    <editor-bookmarks xmlns="http://www.netbeans.org/ns/editor-bookmarks/2" lastBookmarkId="0"/>
    <open-files xmlns="http://www.netbeans.org/ns/projectui-open-files/2">
        <group>
            <file>file:/D:/xampp/htdocs/ondracka_skoly/application/views/mapa.php</file>
            <file>file:/D:/xampp/htdocs/ondracka_skoly/application/views/mesto.php</file>
            <file>file:/D:/xampp/htdocs/ondracka_skoly/application/controllers/Nacteni_seznamu.php</file>
        </group>
    </open-files>
</project-private>
